{"loss": [1.4827996492385864, 0.47298499941825867, 0.27790385484695435, 0.19498275220394135, 0.1464833766222, 0.11181134730577469, 0.090198814868927, 0.07502562552690506, 0.06221463158726692, 0.058377861976623535], "accuracy": [0.5674656629562378, 0.8511700630187988, 0.9096094965934753, 0.9360978603363037, 0.9499395489692688, 0.9627711772918701, 0.9703534841537476, 0.9754320979118347, 0.9795575737953186, 0.980837881565094], "val_loss": [0.5153802633285522, 0.33168983459472656, 0.37133604288101196, 0.1684001386165619, 0.16438527405261993, 0.13987590372562408, 0.12250912189483643, 0.11056973785161972, 0.1223904937505722, 0.16471078991889954], "val_accuracy": [0.8407124876976013, 0.897735059261322, 0.8835647702217102, 0.9447416067123413, 0.9494650363922119, 0.9576029777526855, 0.9643751382827759, 0.9684725403785706, 0.9635784029960632, 0.9553266763687134]}